﻿<?xml version="1.0" encoding="UTF-8" standalone="yes"?>
<addon id="plugin.video.redcouch" name="Red Couch TV" version="0.1.0" provider-name="Shev83">
  <requires>
	<import addon="xbmc.python" version="2.1.0">
	<import addon="script.module.t0mm0.common" version="1.1.0"/>
	</import>
  </requires>
  <extension library="addons.py" point="xbmc.python.pluginsource">
	<provides>video</provides>
  </extension>
  <extension point="xbmc.addon.metadata">
	<language>en</language>
	<platform>all</platform>
	<summary lang="en">Red Couch TV</summary>
	<description lang="en">Addon para visualização do site Redcouch.me</description>
	<platform>all</platform> 
  </extension>
</addon>
